{
  "platform": "RoborockPrograms",
  "ip": "YOUR_ROBOROCK_IP",
  "token": "YOUR_32_HEX_TOKEN",
  "batteryPollSeconds": 60,
  "matter": {
    "bridgeName": "Roborock Matter Bridge",
    "vacuumName": "Roborock Saros 10 Refill"
  },
  "presets": [
    {
      "name": "Living Room",
      "mode": "segments",
      "segment_ids": [
        16
      ],
      "fanPowerPct": 77,
      "waterLevelCode": 202
    },
    {
      "name": "Under Table",
      "mode": "zoned",
      "zones": [
        [
          [
            25200,
            27500,
            28000,
            30500,
            1
          ]
        ]
      ],
      "fanPowerPct": 60,
      "waterLevelCode": 201
    },
    {
      "name": "Whole House",
      "mode": "start"
    },
    {
      "name": "Dock",
      "mode": "dock"
    }
  ]
}