{
  "pluginAlias": "RoborockPrograms",
  "pluginType": "platform",
  "strictValidation": true,
  "schema": {
    "type": "object",
    "properties": {
      "ip": {
        "type": "string",
        "title": "Roborock IP",
        "format": "ipv4"
      },
      "token": {
        "type": "string",
        "title": "Roborock Token (32 hex)",
        "minLength": 32,
        "maxLength": 32
      },
      "reconnectIntervalMs": {
        "type": "number",
        "title": "Reconnect interval (ms)",
        "default": 15000,
        "minimum": 5000
      },
      "batteryPollSeconds": {
        "type": "number",
        "title": "Battery poll interval (sec)",
        "default": 60,
        "minimum": 10
      },
      "matter": {
        "type": "object",
        "title": "Matter bridge & vacuum naming",
        "properties": {
          "bridgeName": {
            "type": "string",
            "title": "Matter Bridge name",
            "default": "Roborock Matter Bridge"
          },
          "vacuumName": {
            "type": "string",
            "title": "Vacuum name",
            "default": "Roborock Saros 10 Refill"
          }
        }
      },
      "presets": {
        "type": "array",
        "title": "Cleaning Programs (Presets)",
        "items": {
          "type": "object",
          "required": [
            "name",
            "mode"
          ],
          "properties": {
            "name": {
              "type": "string",
              "title": "Display name",
              "minLength": 1
            },
            "mode": {
              "type": "string",
              "enum": [
                "segments",
                "zoned",
                "start",
                "dock"
              ],
              "title": "Mode"
            },
            "segment_ids": {
              "type": "array",
              "title": "Segment IDs (for segments mode)",
              "items": {
                "type": "integer"
              }
            },
            "zones": {
              "type": "array",
              "title": "Zones (for zoned mode)",
              "items": {
                "type": "array",
                "items": {
                  "type": "array",
                  "items": {
                    "type": "integer"
                  },
                  "minItems": 5,
                  "maxItems": 5
                }
              },
              "description": "Each zone is [x1, y1, x2, y2, repeats] in map mm units"
            },
            "fanPowerPct": {
              "type": "number",
              "title": "Fan power (0..104)",
              "minimum": 0,
              "maximum": 104
            },
            "waterLevelCode": {
              "type": "number",
              "title": "Water level code",
              "enum": [
                200,
                201,
                202,
                203
              ]
            },
            "mopModeCode": {
              "type": "number",
              "title": "Mop mode code (optional)"
            }
          }
        }
      }
    },
    "required": [
      "ip",
      "token",
      "presets"
    ]
  }
}